Volunteer Name,Event Name,Participation Date,Hours Volunteered,Role,Location
Mia Walker,First Aid Training,Sun Nov 17 2024 00:00:00 GMT-0600 (Central Standard Time),4.00,First Aid Volunteer,Clinic R
James Turner,Media Workshop,Sat Nov 16 2024 00:00:00 GMT-0600 (Central Standard Time),3.00,Media Support,Studio N
Sophia Wright,Stage Performance,Fri Nov 15 2024 00:00:00 GMT-0600 (Central Standard Time),2.00,Stage Management,Theater M
Daniel Green,Medical Camp,Thu Nov 14 2024 00:00:00 GMT-0600 (Central Standard Time),6.50,Medical Aid Volunteer,Clinic K
Emily Adams,Charity Auction,Wed Nov 13 2024 00:00:00 GMT-0600 (Central Standard Time),5.00,Registration Coordinator,Event Hall P
Paul Scott,Volunteers Meet-up,Tue Nov 12 2024 00:00:00 GMT-0600 (Central Standard Time),3.00,Volunteer Coordination,Hotel W
Olivia King,Music Festival,Mon Nov 11 2024 00:00:00 GMT-0600 (Central Standard Time),4.50,Event Host,Arena Q
Samuel Clark,Public Speaking,Sun Nov 10 2024 00:00:00 GMT-0600 (Central Standard Time),8.00,Speaker Assistance,Auditorium Y
Nina Harris,Clean-up Drive,Sat Nov 09 2024 00:00:00 GMT-0600 (Central Standard Time),2.50,Event Cleanup,Beach Z
Michael Baker,Logistics Training,Fri Nov 08 2024 00:00:00 GMT-0600 (Central Standard Time),3.50,Logistics Support,Warehouse X
Lisa Rogers,Media Awareness,Thu Nov 07 2024 00:00:00 GMT-0600 (Central Standard Time),7.50,Media Coverage,Hall D
Mark Jones,Art Festival,Wed Nov 06 2024 00:00:00 GMT-0600 (Central Standard Time),4.00,Workshop Coordinator,Gallery C
Carla Moore,Tech Workshop,Tue Nov 05 2024 00:00:00 GMT-0600 (Central Standard Time),6.00,Tech Support,Tech Hub
new ,Blood Donation Camp,Mon Nov 04 2024 00:00:00 GMT-0600 (Central Standard Time),2.00,Crowd Management,Hospital B
Profile Complete,Charity Run,Sun Nov 03 2024 00:00:00 GMT-0500 (Central Daylight Time),5.00,Event Setup Team,City Square
Profile Complete,Food Drive,Sat Nov 02 2024 00:00:00 GMT-0500 (Central Daylight Time),3.00,Food Distribution Volunteer,Community Center
,,,,,
,,,,,
,,,,,
,,,,,
,,,,,
,,,,,
